[
    {
        "name": "symfony/polyfill-mbstring",
        "version": "v1.2.0",
        "version_normalized": "1.2.0.0",
        "source": {
            "type": "git",
            "url": "https://github.com/symfony/polyfill-mbstring.git",
            "reference": "dff51f72b0706335131b00a7f49606168c582594"
        },
        "dist": {
            "type": "zip",
            "url": "https://api.github.com/repos/symfony/polyfill-mbstring/zipball/dff51f72b0706335131b00a7f49606168c582594",
            "reference": "dff51f72b0706335131b00a7f49606168c582594",
            "shasum": ""
        },
        "require": {
            "php": ">=5.3.3"
        },
        "suggest": {
            "ext-mbstring": "For best performance"
        },
        "time": "2016-05-18 14:26:46",
        "type": "library",
        "extra": {
            "branch-alias": {
                "dev-master": "1.2-dev"
            }
        },
        "installation-source": "dist",
        "autoload": {
            "psr-4": {
                "Symfony\\Polyfill\\Mbstring\\": ""
            },
            "files": [
                "bootstrap.php"
            ]
        },
        "notification-url": "https://packagist.org/downloads/",
        "license": [
            "MIT"
        ],
        "authors": [
            {
                "name": "Nicolas Grekas",
                "email": "p@tchwork.com"
            },
            {
                "name": "Symfony Community",
                "homepage": "https://symfony.com/contributors"
            }
        ],
        "description": "Symfony polyfill for the Mbstring extension",
        "homepage": "https://symfony.com",
        "keywords": [
            "compatibility",
            "mbstring",
            "polyfill",
            "portable",
            "shim"
        ]
    },
    {
        "name": "symfony/http-foundation",
        "version": "v3.1.2",
        "version_normalized": "3.1.2.0",
        "source": {
            "type": "git",
            "url": "https://github.com/symfony/http-foundation.git",
            "reference": "6b5a3764c5b0ce1f0ec3b8be5bba969122a78cfc"
        },
        "dist": {
            "type": "zip",
            "url": "https://api.github.com/repos/symfony/http-foundation/zipball/6b5a3764c5b0ce1f0ec3b8be5bba969122a78cfc",
            "reference": "6b5a3764c5b0ce1f0ec3b8be5bba969122a78cfc",
            "shasum": ""
        },
        "require": {
            "php": ">=5.5.9",
            "symfony/polyfill-mbstring": "~1.1"
        },
        "require-dev": {
            "symfony/expression-language": "~2.8|~3.0"
        },
        "time": "2016-06-29 07:02:31",
        "type": "library",
        "extra": {
            "branch-alias": {
                "dev-master": "3.1-dev"
            }
        },
        "installation-source": "dist",
        "autoload": {
            "psr-4": {
                "Symfony\\Component\\HttpFoundation\\": ""
            },
            "exclude-from-classmap": [
                "/Tests/"
            ]
        },
        "notification-url": "https://packagist.org/downloads/",
        "license": [
            "MIT"
        ],
        "authors": [
            {
                "name": "Fabien Potencier",
                "email": "fabien@symfony.com"
            },
            {
                "name": "Symfony Community",
                "homepage": "https://symfony.com/contributors"
            }
        ],
        "description": "Symfony HttpFoundation Component",
        "homepage": "https://symfony.com"
    },
    {
        "name": "psr/http-message",
        "version": "1.0",
        "version_normalized": "1.0.0.0",
        "source": {
            "type": "git",
            "url": "https://github.com/php-fig/http-message.git",
            "reference": "85d63699f0dbedb190bbd4b0d2b9dc707ea4c298"
        },
        "dist": {
            "type": "zip",
            "url": "https://api.github.com/repos/php-fig/http-message/zipball/85d63699f0dbedb190bbd4b0d2b9dc707ea4c298",
            "reference": "85d63699f0dbedb190bbd4b0d2b9dc707ea4c298",
            "shasum": ""
        },
        "require": {
            "php": ">=5.3.0"
        },
        "time": "2015-05-04 20:22:00",
        "type": "library",
        "extra": {
            "branch-alias": {
                "dev-master": "1.0.x-dev"
            }
        },
        "installation-source": "dist",
        "autoload": {
            "psr-4": {
                "Psr\\Http\\Message\\": "src/"
            }
        },
        "notification-url": "https://packagist.org/downloads/",
        "license": [
            "MIT"
        ],
        "authors": [
            {
                "name": "PHP-FIG",
                "homepage": "http://www.php-fig.org/"
            }
        ],
        "description": "Common interface for HTTP messages",
        "keywords": [
            "http",
            "http-message",
            "psr",
            "psr-7",
            "request",
            "response"
        ]
    },
    {
        "name": "symfony/psr-http-message-bridge",
        "version": "v0.2",
        "version_normalized": "0.2.0.0",
        "source": {
            "type": "git",
            "url": "https://github.com/symfony/psr-http-message-bridge.git",
            "reference": "dc7e308e1dc2898a46776e2221a643cb08315453"
        },
        "dist": {
            "type": "zip",
            "url": "https://api.github.com/repos/symfony/psr-http-message-bridge/zipball/dc7e308e1dc2898a46776e2221a643cb08315453",
            "reference": "dc7e308e1dc2898a46776e2221a643cb08315453",
            "shasum": ""
        },
        "require": {
            "php": ">=5.3.3",
            "psr/http-message": "~1.0",
            "symfony/http-foundation": "~2.3|~3.0"
        },
        "require-dev": {
            "symfony/phpunit-bridge": "~2.7|~3.0"
        },
        "suggest": {
            "zendframework/zend-diactoros": "To use the Zend Diactoros factory"
        },
        "time": "2015-05-29 17:57:12",
        "type": "symfony-bridge",
        "installation-source": "dist",
        "autoload": {
            "psr-4": {
                "Symfony\\Bridge\\PsrHttpMessage\\": ""
            }
        },
        "notification-url": "https://packagist.org/downloads/",
        "license": [
            "MIT"
        ],
        "authors": [
            {
                "name": "Symfony Community",
                "homepage": "http://symfony.com/contributors"
            },
            {
                "name": "Fabien Potencier",
                "email": "fabien@symfony.com"
            }
        ],
        "description": "PSR HTTP message bridge",
        "homepage": "http://symfony.com",
        "keywords": [
            "http",
            "http-message",
            "psr-7"
        ]
    },
    {
        "name": "guzzlehttp/promises",
        "version": "1.2.0",
        "version_normalized": "1.2.0.0",
        "source": {
            "type": "git",
            "url": "https://github.com/guzzle/promises.git",
            "reference": "c10d860e2a9595f8883527fa0021c7da9e65f579"
        },
        "dist": {
            "type": "zip",
            "url": "https://api.github.com/repos/guzzle/promises/zipball/c10d860e2a9595f8883527fa0021c7da9e65f579",
            "reference": "c10d860e2a9595f8883527fa0021c7da9e65f579",
            "shasum": ""
        },
        "require": {
            "php": ">=5.5.0"
        },
        "require-dev": {
            "phpunit/phpunit": "~4.0"
        },
        "time": "2016-05-18 16:56:05",
        "type": "library",
        "extra": {
            "branch-alias": {
                "dev-master": "1.0-dev"
            }
        },
        "installation-source": "dist",
        "autoload": {
            "psr-4": {
                "GuzzleHttp\\Promise\\": "src/"
            },
            "files": [
                "src/functions_include.php"
            ]
        },
        "notification-url": "https://packagist.org/downloads/",
        "license": [
            "MIT"
        ],
        "authors": [
            {
                "name": "Michael Dowling",
                "email": "mtdowling@gmail.com",
                "homepage": "https://github.com/mtdowling"
            }
        ],
        "description": "Guzzle promises library",
        "keywords": [
            "promise"
        ]
    },
    {
        "name": "guzzlehttp/psr7",
        "version": "1.3.1",
        "version_normalized": "1.3.1.0",
        "source": {
            "type": "git",
            "url": "https://github.com/guzzle/psr7.git",
            "reference": "5c6447c9df362e8f8093bda8f5d8873fe5c7f65b"
        },
        "dist": {
            "type": "zip",
            "url": "https://api.github.com/repos/guzzle/psr7/zipball/5c6447c9df362e8f8093bda8f5d8873fe5c7f65b",
            "reference": "5c6447c9df362e8f8093bda8f5d8873fe5c7f65b",
            "shasum": ""
        },
        "require": {
            "php": ">=5.4.0",
            "psr/http-message": "~1.0"
        },
        "provide": {
            "psr/http-message-implementation": "1.0"
        },
        "require-dev": {
            "phpunit/phpunit": "~4.0"
        },
        "time": "2016-06-24 23:00:38",
        "type": "library",
        "extra": {
            "branch-alias": {
                "dev-master": "1.4-dev"
            }
        },
        "installation-source": "dist",
        "autoload": {
            "psr-4": {
                "GuzzleHttp\\Psr7\\": "src/"
            },
            "files": [
                "src/functions_include.php"
            ]
        },
        "notification-url": "https://packagist.org/downloads/",
        "license": [
            "MIT"
        ],
        "authors": [
            {
                "name": "Michael Dowling",
                "email": "mtdowling@gmail.com",
                "homepage": "https://github.com/mtdowling"
            }
        ],
        "description": "PSR-7 message implementation",
        "keywords": [
            "http",
            "message",
            "stream",
            "uri"
        ]
    },
    {
        "name": "guzzlehttp/guzzle",
        "version": "6.2.1",
        "version_normalized": "6.2.1.0",
        "source": {
            "type": "git",
            "url": "https://github.com/guzzle/guzzle.git",
            "reference": "3f808fba627f2c5b69e2501217bf31af349c1427"
        },
        "dist": {
            "type": "zip",
            "url": "https://api.github.com/repos/guzzle/guzzle/zipball/3f808fba627f2c5b69e2501217bf31af349c1427",
            "reference": "3f808fba627f2c5b69e2501217bf31af349c1427",
            "shasum": ""
        },
        "require": {
            "guzzlehttp/promises": "^1.0",
            "guzzlehttp/psr7": "^1.3.1",
            "php": ">=5.5"
        },
        "require-dev": {
            "ext-curl": "*",
            "phpunit/phpunit": "^4.0",
            "psr/log": "^1.0"
        },
        "time": "2016-07-15 17:22:37",
        "type": "library",
        "extra": {
            "branch-alias": {
                "dev-master": "6.2-dev"
            }
        },
        "installation-source": "dist",
        "autoload": {
            "files": [
                "src/functions_include.php"
            ],
            "psr-4": {
                "GuzzleHttp\\": "src/"
            }
        },
        "notification-url": "https://packagist.org/downloads/",
        "license": [
            "MIT"
        ],
        "authors": [
            {
                "name": "Michael Dowling",
                "email": "mtdowling@gmail.com",
                "homepage": "https://github.com/mtdowling"
            }
        ],
        "description": "Guzzle is a PHP HTTP client library",
        "homepage": "http://guzzlephp.org/",
        "keywords": [
            "client",
            "curl",
            "framework",
            "http",
            "http client",
            "rest",
            "web service"
        ]
    },
    {
        "name": "doctrine/cache",
        "version": "v1.6.0",
        "version_normalized": "1.6.0.0",
        "source": {
            "type": "git",
            "url": "https://github.com/doctrine/cache.git",
            "reference": "f8af318d14bdb0eff0336795b428b547bd39ccb6"
        },
        "dist": {
            "type": "zip",
            "url": "https://api.github.com/repos/doctrine/cache/zipball/f8af318d14bdb0eff0336795b428b547bd39ccb6",
            "reference": "f8af318d14bdb0eff0336795b428b547bd39ccb6",
            "shasum": ""
        },
        "require": {
            "php": "~5.5|~7.0"
        },
        "conflict": {
            "doctrine/common": ">2.2,<2.4"
        },
        "require-dev": {
            "phpunit/phpunit": "~4.8|~5.0",
            "predis/predis": "~1.0",
            "satooshi/php-coveralls": "~0.6"
        },
        "time": "2015-12-31 16:37:02",
        "type": "library",
        "extra": {
            "branch-alias": {
                "dev-master": "1.6.x-dev"
            }
        },
        "installation-source": "dist",
        "autoload": {
            "psr-4": {
                "Doctrine\\Common\\Cache\\": "lib/Doctrine/Common/Cache"
            }
        },
        "notification-url": "https://packagist.org/downloads/",
        "license": [
            "MIT"
        ],
        "authors": [
            {
                "name": "Roman Borschel",
                "email": "roman@code-factory.org"
            },
            {
                "name": "Benjamin Eberlei",
                "email": "kontakt@beberlei.de"
            },
            {
                "name": "Guilherme Blanco",
                "email": "guilhermeblanco@gmail.com"
            },
            {
                "name": "Jonathan Wage",
                "email": "jonwage@gmail.com"
            },
            {
                "name": "Johannes Schmitt",
                "email": "schmittjoh@gmail.com"
            }
        ],
        "description": "Caching library offering an object-oriented API for many cache backends",
        "homepage": "http://www.doctrine-project.org",
        "keywords": [
            "cache",
            "caching"
        ]
    },
    {
        "name": "overtrue/socialite",
        "version": "1.0.13",
        "version_normalized": "1.0.13.0",
        "source": {
            "type": "git",
            "url": "https://github.com/overtrue/socialite.git",
            "reference": "0582aa49d8298072ef4e726c1d7cd6824df4b8aa"
        },
        "dist": {
            "type": "zip",
            "url": "https://api.github.com/repos/overtrue/socialite/zipball/0582aa49d8298072ef4e726c1d7cd6824df4b8aa",
            "reference": "0582aa49d8298072ef4e726c1d7cd6824df4b8aa",
            "shasum": ""
        },
        "require": {
            "guzzlehttp/guzzle": "~5.0|~6.0",
            "php": ">=5.4.0",
            "symfony/http-foundation": "~2.6|~2.7|~2.8|~3.0"
        },
        "require-dev": {
            "mockery/mockery": "~0.9",
            "phpunit/phpunit": "~4.0"
        },
        "time": "2016-07-07 03:40:26",
        "type": "library",
        "installation-source": "dist",
        "autoload": {
            "psr-4": {
                "Overtrue\\Socialite\\": "src/"
            }
        },
        "notification-url": "https://packagist.org/downloads/",
        "license": [
            "MIT"
        ],
        "authors": [
            {
                "name": "overtrue",
                "email": "anzhengchao@gmail.com"
            }
        ],
        "description": "A collection of OAuth 2 packages that extracts from laravel/socialite.",
        "keywords": [
            "login",
            "oauth",
            "qq",
            "social",
            "wechat",
            "weibo"
        ]
    },
    {
        "name": "psr/log",
        "version": "1.0.0",
        "version_normalized": "1.0.0.0",
        "source": {
            "type": "git",
            "url": "https://github.com/php-fig/log.git",
            "reference": "fe0936ee26643249e916849d48e3a51d5f5e278b"
        },
        "dist": {
            "type": "zip",
            "url": "https://api.github.com/repos/php-fig/log/zipball/fe0936ee26643249e916849d48e3a51d5f5e278b",
            "reference": "fe0936ee26643249e916849d48e3a51d5f5e278b",
            "shasum": ""
        },
        "time": "2012-12-21 11:40:51",
        "type": "library",
        "installation-source": "dist",
        "autoload": {
            "psr-0": {
                "Psr\\Log\\": ""
            }
        },
        "notification-url": "https://packagist.org/downloads/",
        "license": [
            "MIT"
        ],
        "authors": [
            {
                "name": "PHP-FIG",
                "homepage": "http://www.php-fig.org/"
            }
        ],
        "description": "Common interface for logging libraries",
        "keywords": [
            "log",
            "psr",
            "psr-3"
        ]
    },
    {
        "name": "monolog/monolog",
        "version": "1.20.0",
        "version_normalized": "1.20.0.0",
        "source": {
            "type": "git",
            "url": "https://github.com/Seldaek/monolog.git",
            "reference": "55841909e2bcde01b5318c35f2b74f8ecc86e037"
        },
        "dist": {
            "type": "zip",
            "url": "https://api.github.com/repos/Seldaek/monolog/zipball/55841909e2bcde01b5318c35f2b74f8ecc86e037",
            "reference": "55841909e2bcde01b5318c35f2b74f8ecc86e037",
            "shasum": ""
        },
        "require": {
            "php": ">=5.3.0",
            "psr/log": "~1.0"
        },
        "provide": {
            "psr/log-implementation": "1.0.0"
        },
        "require-dev": {
            "aws/aws-sdk-php": "^2.4.9",
            "doctrine/couchdb": "~1.0@dev",
            "graylog2/gelf-php": "~1.0",
            "jakub-onderka/php-parallel-lint": "0.9",
            "php-amqplib/php-amqplib": "~2.4",
            "php-console/php-console": "^3.1.3",
            "phpunit/phpunit": "~4.5",
            "phpunit/phpunit-mock-objects": "2.3.0",
            "ruflin/elastica": ">=0.90 <3.0",
            "sentry/sentry": "^0.13",
            "swiftmailer/swiftmailer": "~5.3"
        },
        "suggest": {
            "aws/aws-sdk-php": "Allow sending log messages to AWS services like DynamoDB",
            "doctrine/couchdb": "Allow sending log messages to a CouchDB server",
            "ext-amqp": "Allow sending log messages to an AMQP server (1.0+ required)",
            "ext-mongo": "Allow sending log messages to a MongoDB server",
            "graylog2/gelf-php": "Allow sending log messages to a GrayLog2 server",
            "mongodb/mongodb": "Allow sending log messages to a MongoDB server via PHP Driver",
            "php-amqplib/php-amqplib": "Allow sending log messages to an AMQP server using php-amqplib",
            "php-console/php-console": "Allow sending log messages to Google Chrome",
            "rollbar/rollbar": "Allow sending log messages to Rollbar",
            "ruflin/elastica": "Allow sending log messages to an Elastic Search server",
            "sentry/sentry": "Allow sending log messages to a Sentry server"
        },
        "time": "2016-07-02 14:02:10",
        "type": "library",
        "extra": {
            "branch-alias": {
                "dev-master": "2.0.x-dev"
            }
        },
        "installation-source": "dist",
        "autoload": {
            "psr-4": {
                "Monolog\\": "src/Monolog"
            }
        },
        "notification-url": "https://packagist.org/downloads/",
        "license": [
            "MIT"
        ],
        "authors": [
            {
                "name": "Jordi Boggiano",
                "email": "j.boggiano@seld.be",
                "homepage": "http://seld.be"
            }
        ],
        "description": "Sends your logs to files, sockets, inboxes, databases and various web services",
        "homepage": "http://github.com/Seldaek/monolog",
        "keywords": [
            "log",
            "logging",
            "psr-3"
        ]
    },
    {
        "name": "pimple/pimple",
        "version": "v3.0.2",
        "version_normalized": "3.0.2.0",
        "source": {
            "type": "git",
            "url": "https://github.com/silexphp/Pimple.git",
            "reference": "a30f7d6e57565a2e1a316e1baf2a483f788b258a"
        },
        "dist": {
            "type": "zip",
            "url": "https://api.github.com/repos/silexphp/Pimple/zipball/a30f7d6e57565a2e1a316e1baf2a483f788b258a",
            "reference": "a30f7d6e57565a2e1a316e1baf2a483f788b258a",
            "shasum": ""
        },
        "require": {
            "php": ">=5.3.0"
        },
        "time": "2015-09-11 15:10:35",
        "type": "library",
        "extra": {
            "branch-alias": {
                "dev-master": "3.0.x-dev"
            }
        },
        "installation-source": "dist",
        "autoload": {
            "psr-0": {
                "Pimple": "src/"
            }
        },
        "notification-url": "https://packagist.org/downloads/",
        "license": [
            "MIT"
        ],
        "authors": [
            {
                "name": "Fabien Potencier",
                "email": "fabien@symfony.com"
            }
        ],
        "description": "Pimple, a simple Dependency Injection Container",
        "homepage": "http://pimple.sensiolabs.org",
        "keywords": [
            "container",
            "dependency injection"
        ]
    },
    {
        "name": "overtrue/wechat",
        "version": "3.1.1",
        "version_normalized": "3.1.1.0",
        "source": {
            "type": "git",
            "url": "https://github.com/overtrue/wechat.git",
            "reference": "5477de6d96f2c361f7479f8dc366e6c5fbfffcc7"
        },
        "dist": {
            "type": "zip",
            "url": "https://api.github.com/repos/overtrue/wechat/zipball/5477de6d96f2c361f7479f8dc366e6c5fbfffcc7",
            "reference": "5477de6d96f2c361f7479f8dc366e6c5fbfffcc7",
            "shasum": ""
        },
        "require": {
            "doctrine/cache": "~1.4",
            "ext-openssl": "*",
            "guzzlehttp/guzzle": "~6.1",
            "monolog/monolog": "^1.17",
            "overtrue/socialite": ">=1.0.7",
            "php": ">=5.5.0",
            "pimple/pimple": "~3.0",
            "symfony/http-foundation": "~2.6|~2.7|~2.8|~3.0",
            "symfony/psr-http-message-bridge": "0.2"
        },
        "require-dev": {
            "mockery/mockery": "^1.0@dev",
            "phpunit/phpunit": "~4.0"
        },
        "time": "2016-07-12 04:40:39",
        "type": "library",
        "installation-source": "dist",
        "autoload": {
            "psr-4": {
                "EasyWeChat\\": "src/"
            },
            "files": [
                "src/Payment/helpers.php"
            ]
        },
        "notification-url": "https://packagist.org/downloads/",
        "license": [
            "MIT"
        ],
        "authors": [
            {
                "name": "overtrue",
                "email": "anzhengchao@gmail.com"
            }
        ],
        "description": "微信SDK",
        "keywords": [
            "sdk",
            "wechat",
            "weixin",
            "weixin-sdk"
        ]
    }
]
